rowNumber,status,carrierName,contactName,portLabel,normalizedPortLabel,resolvedOfficeName,officeConfidence,officeMatchReasons,vendorId,dbOfficeId,dbOfficeName,portId,portCode,portName,linkAction,notes,suggestions
281,vendor_not_in_master,BLPL,,Abu Dhabi,ABU DHABI,,,,,,,,,,none,Carrier was not found in the Mumbai or Chennai carrier master sheets.,
282,vendor_not_in_master,BLPL,,Bahrain,BAHRAIN,,,,,,,,,,none,Carrier was not found in the Mumbai or Chennai carrier master sheets.,
283,vendor_not_in_master,BLPL,,Bangkok,BANGKOK,,,,,,,,,,none,Carrier was not found in the Mumbai or Chennai carrier master sheets.,
284,vendor_not_in_master,BLPL,,Belawan,BELAWAN,,,,,,,,,,none,Carrier was not found in the Mumbai or Chennai carrier master sheets.,
285,vendor_not_in_master,BLPL,,Chattogram,CHATTOGRAM,,,,,,,,,,none,Carrier was not found in the Mumbai or Chennai carrier master sheets.,
286,vendor_not_in_master,BLPL,,Colombo,COLOMBO,,,,,,,,,,none,Carrier was not found in the Mumbai or Chennai carrier master sheets.,
287,vendor_not_in_master,BLPL,,Dammam,DAMMAM,,,,,,,,,,none,Carrier was not found in the Mumbai or Chennai carrier master sheets.,
288,vendor_not_in_master,BLPL,,Dhaka,DHAKA,,,,,,,,,,none,Carrier was not found in the Mumbai or Chennai carrier master sheets.,
289,vendor_not_in_master,BLPL,,Doha,DOHA,,,,,,,,,,none,Carrier was not found in the Mumbai or Chennai carrier master sheets.,
290,vendor_not_in_master,BLPL,,Haiphong,HAIPHONG,,,,,,,,,,none,Carrier was not found in the Mumbai or Chennai carrier master sheets.,
291,vendor_not_in_master,BLPL,,Ho Chi Minh,HO CHI MINH,,,,,,,,,,none,Carrier was not found in the Mumbai or Chennai carrier master sheets.,
292,vendor_not_in_master,BLPL,,Jakarta,JAKARTA,,,,,,,,,,none,Carrier was not found in the Mumbai or Chennai carrier master sheets.,
293,vendor_not_in_master,BLPL,,Jebel Ali,JEBEL ALI,,,,,,,,,,none,Carrier was not found in the Mumbai or Chennai carrier master sheets.,
294,vendor_not_in_master,BLPL,,Laem Chabang,LAEM CHABANG,,,,,,,,,,none,Carrier was not found in the Mumbai or Chennai carrier master sheets.,
295,vendor_not_in_master,BLPL,,Male,MALE,,,,,,,,,,none,Carrier was not found in the Mumbai or Chennai carrier master sheets.,
296,vendor_not_in_master,BLPL,,Mongala,MONGALA,,,,,,,,,,none,Carrier was not found in the Mumbai or Chennai carrier master sheets.,
297,vendor_not_in_master,BLPL,,Pasir Gudang,PASIR GUDANG,,,,,,,,,,none,Carrier was not found in the Mumbai or Chennai carrier master sheets.,
298,vendor_not_in_master,BLPL,,Penang,PENANG,,,,,,,,,,none,Carrier was not found in the Mumbai or Chennai carrier master sheets.,
299,vendor_not_in_master,BLPL,,Port Klang,PORT KLANG,,,,,,,,,,none,Carrier was not found in the Mumbai or Chennai carrier master sheets.,
300,vendor_not_in_master,BLPL,,Shanghai,SHANGHAI,,,,,,,,,,none,Carrier was not found in the Mumbai or Chennai carrier master sheets.,
301,vendor_not_in_master,BLPL,,Sharjah,SHARJAH,,,,,,,,,,none,Carrier was not found in the Mumbai or Chennai carrier master sheets.,
302,vendor_not_in_master,BLPL,,Shuwaikh,SHUWAIKH,,,,,,,,,,none,Carrier was not found in the Mumbai or Chennai carrier master sheets.,
303,vendor_not_in_master,BLPL,,Singapore,SINGAPORE,,,,,,,,,,none,Carrier was not found in the Mumbai or Chennai carrier master sheets.,
304,vendor_not_in_master,BLPL,,Sohar,SOHAR,,,,,,,,,,none,Carrier was not found in the Mumbai or Chennai carrier master sheets.,
305,vendor_not_in_master,BLPL,,Surabaya,SURABAYA,,,,,,,,,,none,Carrier was not found in the Mumbai or Chennai carrier master sheets.,
306,vendor_not_in_master,BLPL,,Yangoon,YANGOON,,,,,,,,,,none,Carrier was not found in the Mumbai or Chennai carrier master sheets.,
374,vendor_not_in_master,Chakiat,,Bahrain,BAHRAIN,,,,,,,,,,none,Carrier was not found in the Mumbai or Chennai carrier master sheets.,
375,vendor_not_in_master,Chakiat,,Sohar,SOHAR,,,,,,,,,,none,Carrier was not found in the Mumbai or Chennai carrier master sheets.,
376,vendor_not_in_master,Chakiat,,Walvis Bay,WALVIS BAY,,,,,,,,,,none,Carrier was not found in the Mumbai or Chennai carrier master sheets.,
1274,vendor_not_in_master,"Conocean12 Agencies India Pvt Ltd,",,Sokhna,SOKHNA,,,,,,,,,,none,Carrier was not found in the Mumbai or Chennai carrier master sheets.,
1598,vendor_not_in_master,Eminent Shipping,,Bahrain,BAHRAIN,,,,,,,,,,none,Carrier was not found in the Mumbai or Chennai carrier master sheets.,
1599,vendor_not_in_master,Eminent Shipping,,Jebel Ali,JEBEL ALI,,,,,,,,,,none,Carrier was not found in the Mumbai or Chennai carrier master sheets.,
1600,vendor_not_in_master,Eminent Shipping,,Lattakia,LATTAKIA,,,,,,,,,,none,Carrier was not found in the Mumbai or Chennai carrier master sheets.,
1601,vendor_not_in_master,Eminent Shipping,,Port Klang,PORT KLANG,,,,,,,,,,none,Carrier was not found in the Mumbai or Chennai carrier master sheets.,
1602,vendor_not_in_master,Eminent Shipping,,Shanghai,SHANGHAI,,,,,,,,,,none,Carrier was not found in the Mumbai or Chennai carrier master sheets.,
1603,vendor_not_in_master,Eminent Shipping,,Sohar,SOHAR,,,,,,,,,,none,Carrier was not found in the Mumbai or Chennai carrier master sheets.,
3402,vendor_not_in_master,Majestic,,Abu Dhabi,ABU DHABI,,,,,,,,,,none,Carrier was not found in the Mumbai or Chennai carrier master sheets.,
3403,vendor_not_in_master,Majestic,,Aden,ADEN,,,,,,,,,,none,Carrier was not found in the Mumbai or Chennai carrier master sheets.,
3404,vendor_not_in_master,Majestic,,Afghanistan,AFGHANISTAN,,,,,,,,,,none,Carrier was not found in the Mumbai or Chennai carrier master sheets.,
3405,vendor_not_in_master,Majestic,,Antwerp,ANTWERP,,,,,,,,,,none,Carrier was not found in the Mumbai or Chennai carrier master sheets.,
3406,vendor_not_in_master,Majestic,,Aqaba,AQABA,,,,,,,,,,none,Carrier was not found in the Mumbai or Chennai carrier master sheets.,
3407,vendor_not_in_master,Majestic,,Asaluyeh,ASALUYEH,,,,,,,,,,none,Carrier was not found in the Mumbai or Chennai carrier master sheets.,
3408,vendor_not_in_master,Majestic,,Azerbaijan,AZERBAIJAN,,,,,,,,,,none,Carrier was not found in the Mumbai or Chennai carrier master sheets.,
3409,vendor_not_in_master,Majestic,,Bandar Abbas,BANDAR ABBAS,,,,,,,,,,none,Carrier was not found in the Mumbai or Chennai carrier master sheets.,
3410,vendor_not_in_master,Majestic,,Bandar Imam Khomeini,BANDAR IMAM KHOMEINI,,,,,,,,,,none,Carrier was not found in the Mumbai or Chennai carrier master sheets.,
3411,vendor_not_in_master,Majestic,,Bangkok,BANGKOK,,,,,,,,,,none,Carrier was not found in the Mumbai or Chennai carrier master sheets.,
3412,vendor_not_in_master,Majestic,,Basara,BASARA,,,,,,,,,,none,Carrier was not found in the Mumbai or Chennai carrier master sheets.,
3413,vendor_not_in_master,Majestic,,Belawan,BELAWAN,,,,,,,,,,none,Carrier was not found in the Mumbai or Chennai carrier master sheets.,
3414,vendor_not_in_master,Majestic,,Bushehr,BUSHEHR,,,,,,,,,,none,Carrier was not found in the Mumbai or Chennai carrier master sheets.,
3415,vendor_not_in_master,Majestic,,Chattogram,CHATTOGRAM,,,,,,,,,,none,Carrier was not found in the Mumbai or Chennai carrier master sheets.,
3416,vendor_not_in_master,Majestic,,Colombo,COLOMBO,,,,,,,,,,none,Carrier was not found in the Mumbai or Chennai carrier master sheets.,
3417,vendor_not_in_master,Majestic,,Dammam,DAMMAM,,,,,,,,,,none,Carrier was not found in the Mumbai or Chennai carrier master sheets.,
3418,vendor_not_in_master,Majestic,,Dar Es Salaam,DAR ES SALAAM,,,,,,,,,,none,Carrier was not found in the Mumbai or Chennai carrier master sheets.,
3419,vendor_not_in_master,Majestic,,Djibouti,DJIBOUTI,,,,,,,,,,none,Carrier was not found in the Mumbai or Chennai carrier master sheets.,
3420,vendor_not_in_master,Majestic,,Felixstow,FELIXSTOW,,,,,,,,,,none,Carrier was not found in the Mumbai or Chennai carrier master sheets.,
3421,vendor_not_in_master,Majestic,,Georgia,GEORGIA,,,,,,,,,,none,Carrier was not found in the Mumbai or Chennai carrier master sheets.,
3422,vendor_not_in_master,Majestic,,Haiphong,HAIPHONG,,,,,,,,,,none,Carrier was not found in the Mumbai or Chennai carrier master sheets.,
3423,vendor_not_in_master,Majestic,,Hamad,HAMAD,,,,,,,,,,none,Carrier was not found in the Mumbai or Chennai carrier master sheets.,
3424,vendor_not_in_master,Majestic,,Hamburg,HAMBURG,,,,,,,,,,none,Carrier was not found in the Mumbai or Chennai carrier master sheets.,
3425,vendor_not_in_master,Majestic,,Ho Chi Ming,HO CHI MING,,,,,,,,,,none,Carrier was not found in the Mumbai or Chennai carrier master sheets.,
3426,vendor_not_in_master,Majestic,,Hodeidah,HODEIDAH,,,,,,,,,,none,Carrier was not found in the Mumbai or Chennai carrier master sheets.,
3427,vendor_not_in_master,Majestic,,Jakarta,JAKARTA,,,,,,,,,,none,Carrier was not found in the Mumbai or Chennai carrier master sheets.,
3428,vendor_not_in_master,Majestic,,Jebel Ali,JEBEL ALI,,,,,,,,,,none,Carrier was not found in the Mumbai or Chennai carrier master sheets.,
3429,vendor_not_in_master,Majestic,,Jeddah,JEDDAH,,,,,,,,,,none,Carrier was not found in the Mumbai or Chennai carrier master sheets.,
3430,vendor_not_in_master,Majestic,,Karachi,KARACHI,,,,,,,,,,none,Carrier was not found in the Mumbai or Chennai carrier master sheets.,
3431,vendor_not_in_master,Majestic,,Kazakhstan,KAZAKHSTAN,,,,,,,,,,none,Carrier was not found in the Mumbai or Chennai carrier master sheets.,
3432,vendor_not_in_master,Majestic,,Khoramsher,KHORAMSHER,,,,,,,,,,none,Carrier was not found in the Mumbai or Chennai carrier master sheets.,
3433,vendor_not_in_master,Majestic,,Kuwait,KUWAIT,,,,,,,,,,none,Carrier was not found in the Mumbai or Chennai carrier master sheets.,
3434,vendor_not_in_master,Majestic,,Kyrgyzstan,KYRGYZSTAN,,,,,,,,,,none,Carrier was not found in the Mumbai or Chennai carrier master sheets.,
3435,vendor_not_in_master,Majestic,,Leamchabang,LEAMCHABANG,,,,,,,,,,none,Carrier was not found in the Mumbai or Chennai carrier master sheets.,
3436,vendor_not_in_master,Majestic,,Male,MALE,,,,,,,,,,none,Carrier was not found in the Mumbai or Chennai carrier master sheets.,
3437,vendor_not_in_master,Majestic,,Manila,MANILA,,,,,,,,,,none,Carrier was not found in the Mumbai or Chennai carrier master sheets.,
3438,vendor_not_in_master,Majestic,,Moldova,MOLDOVA,,,,,,,,,,none,Carrier was not found in the Mumbai or Chennai carrier master sheets.,
3439,vendor_not_in_master,Majestic,,Mombassa,MOMBASSA,,,,,,,,,,none,Carrier was not found in the Mumbai or Chennai carrier master sheets.,
3440,vendor_not_in_master,Majestic,,Ningbo,NINGBO,,,,,,,,,,none,Carrier was not found in the Mumbai or Chennai carrier master sheets.,
3441,vendor_not_in_master,Majestic,,Novorossiysk,NOVOROSSIYSK,,,,,,,,,,none,Carrier was not found in the Mumbai or Chennai carrier master sheets.,
3442,vendor_not_in_master,Majestic,,Port Klang,PORT KLANG,,,,,,,,,,none,Carrier was not found in the Mumbai or Chennai carrier master sheets.,
3443,vendor_not_in_master,Majestic,,Port Sudan,PORT SUDAN,,,,,,,,,,none,Carrier was not found in the Mumbai or Chennai carrier master sheets.,
3444,vendor_not_in_master,Majestic,,Busan,BUSAN,,,,,,,,,,none,Carrier was not found in the Mumbai or Chennai carrier master sheets.,
3445,vendor_not_in_master,Majestic,,Qingdao,QINGDAO,,,,,,,,,,none,Carrier was not found in the Mumbai or Chennai carrier master sheets.,
3446,vendor_not_in_master,Majestic,,Ras Al Khaimah,RAS AL KHAIMAH,,,,,,,,,,none,Carrier was not found in the Mumbai or Chennai carrier master sheets.,
3447,vendor_not_in_master,Majestic,,Rotterdam,ROTTERDAM,,,,,,,,,,none,Carrier was not found in the Mumbai or Chennai carrier master sheets.,
3448,vendor_not_in_master,Majestic,,Semarang,SEMARANG,,,,,,,,,,none,Carrier was not found in the Mumbai or Chennai carrier master sheets.,
3449,vendor_not_in_master,Majestic,,Shanghai,SHANGHAI,,,,,,,,,,none,Carrier was not found in the Mumbai or Chennai carrier master sheets.,
3450,vendor_not_in_master,Majestic,,Sharjah,SHARJAH,,,,,,,,,,none,Carrier was not found in the Mumbai or Chennai carrier master sheets.,
3451,vendor_not_in_master,Majestic,,Singapore,SINGAPORE,,,,,,,,,,none,Carrier was not found in the Mumbai or Chennai carrier master sheets.,
3452,vendor_not_in_master,Majestic,,Sohar,SOHAR,,,,,,,,,,none,Carrier was not found in the Mumbai or Chennai carrier master sheets.,
3453,vendor_not_in_master,Majestic,,Sokhna,SOKHNA,,,,,,,,,,none,Carrier was not found in the Mumbai or Chennai carrier master sheets.,
3454,vendor_not_in_master,Majestic,,St.petersburg,ST PETERSBURG,,,,,,,,,,none,Carrier was not found in the Mumbai or Chennai carrier master sheets.,
3455,vendor_not_in_master,Majestic,,Surabaya,SURABAYA,,,,,,,,,,none,Carrier was not found in the Mumbai or Chennai carrier master sheets.,
3456,vendor_not_in_master,Majestic,,Tajikistan,TAJIKISTAN,,,,,,,,,,none,Carrier was not found in the Mumbai or Chennai carrier master sheets.,
3457,vendor_not_in_master,Majestic,,Turkmenistan,TURKMENISTAN,,,,,,,,,,none,Carrier was not found in the Mumbai or Chennai carrier master sheets.,
3458,vendor_not_in_master,Majestic,,Ukraine,UKRAINE,,,,,,,,,,none,Carrier was not found in the Mumbai or Chennai carrier master sheets.,
3459,vendor_not_in_master,Majestic,,Umm Qasr,UMM QASR,,,,,,,,,,none,Carrier was not found in the Mumbai or Chennai carrier master sheets.,
3460,vendor_not_in_master,Majestic,,Uzbekistan,UZBEKISTAN,,,,,,,,,,none,Carrier was not found in the Mumbai or Chennai carrier master sheets.,
3461,vendor_not_in_master,Majestic,,Vladivostok,VLADIVOSTOK,,,,,,,,,,none,Carrier was not found in the Mumbai or Chennai carrier master sheets.,
3516,vendor_not_in_master,Merchant Shipping,,Alexandria El Dekheila,ALEXANDRIA EL DEKHEILA,,,,,,,,,,none,Carrier was not found in the Mumbai or Chennai carrier master sheets.,
3517,vendor_not_in_master,Merchant Shipping,,Aqaba,AQABA,,,,,,,,,,none,Carrier was not found in the Mumbai or Chennai carrier master sheets.,
3518,vendor_not_in_master,Merchant Shipping,,Sohar,SOHAR,,,,,,,,,,none,Carrier was not found in the Mumbai or Chennai carrier master sheets.,
3519,vendor_not_in_master,Merchant Shipping,,Sokhna,SOKHNA,,,,,,,,,,none,Carrier was not found in the Mumbai or Chennai carrier master sheets.,
3520,vendor_not_in_master,Merchant Shipping,,Walvis Bay,WALVIS BAY,,,,,,,,,,none,Carrier was not found in the Mumbai or Chennai carrier master sheets.,
3645,vendor_not_in_master,MPRS,,Long Beach,LONG BEACH,,,,,,,,,,none,Carrier was not found in the Mumbai or Chennai carrier master sheets.,
3646,vendor_not_in_master,MPRS,,Los Angeles,LOS ANGELES,,,,,,,,,,none,Carrier was not found in the Mumbai or Chennai carrier master sheets.,
3647,vendor_not_in_master,MPRS,,New York,NEW YORK,,,,,,,,,,none,Carrier was not found in the Mumbai or Chennai carrier master sheets.,
3648,vendor_not_in_master,MPRS,,Norfolk,NORFOLK,,,,,,,,,,none,Carrier was not found in the Mumbai or Chennai carrier master sheets.,
3649,vendor_not_in_master,MPRS,,Okhland,OKHLAND,,,,,,,,,,none,Carrier was not found in the Mumbai or Chennai carrier master sheets.,
3650,vendor_not_in_master,MSA,,Chattogram,CHATTOGRAM,,,,,,,,,,none,Carrier was not found in the Mumbai or Chennai carrier master sheets.,
3651,vendor_not_in_master,MSA,,Colombo,COLOMBO,,,,,,,,,,none,Carrier was not found in the Mumbai or Chennai carrier master sheets.,
3652,vendor_not_in_master,MSA,,Jebel Ali,JEBEL ALI,,,,,,,,,,none,Carrier was not found in the Mumbai or Chennai carrier master sheets.,
3653,vendor_not_in_master,MSA,,Karachi,KARACHI,,,,,,,,,,none,Carrier was not found in the Mumbai or Chennai carrier master sheets.,
3654,vendor_not_in_master,MSA,,Port Klang,PORT KLANG,,,,,,,,,,none,Carrier was not found in the Mumbai or Chennai carrier master sheets.,
3655,vendor_not_in_master,MSA,,Sohar,SOHAR,,,,,,,,,,none,Carrier was not found in the Mumbai or Chennai carrier master sheets.,
5895,vendor_not_in_master,Seaglider,,Chattogram,CHATTOGRAM,,,,,,,,,,none,Carrier was not found in the Mumbai or Chennai carrier master sheets.,
5957,vendor_not_in_master,SeaLead,,Aden,ADEN,,,,,,,,,,none,Carrier was not found in the Mumbai or Chennai carrier master sheets.,
5958,vendor_not_in_master,SeaLead,,Aqaba,AQABA,,,,,,,,,,none,Carrier was not found in the Mumbai or Chennai carrier master sheets.,
5959,vendor_not_in_master,SeaLead,,Jeddah,JEDDAH,,,,,,,,,,none,Carrier was not found in the Mumbai or Chennai carrier master sheets.,
5960,vendor_not_in_master,SeaLead,,Port Sudan,PORT SUDAN,,,,,,,,,,none,Carrier was not found in the Mumbai or Chennai carrier master sheets.,
5961,vendor_not_in_master,SeaLead,,Sokhna,SOKHNA,,,,,,,,,,none,Carrier was not found in the Mumbai or Chennai carrier master sheets.,
6036,vendor_not_in_master,Simple Shipping Solutions,,Belawan,BELAWAN,,,,,,,,,,none,Carrier was not found in the Mumbai or Chennai carrier master sheets.,
6037,vendor_not_in_master,Simple Shipping Solutions,,Dammam,DAMMAM,,,,,,,,,,none,Carrier was not found in the Mumbai or Chennai carrier master sheets.,
6038,vendor_not_in_master,Simple Shipping Solutions,,Jakarta,JAKARTA,,,,,,,,,,none,Carrier was not found in the Mumbai or Chennai carrier master sheets.,
6039,vendor_not_in_master,Simple Shipping Solutions,,Jebel Ali,JEBEL ALI,,,,,,,,,,none,Carrier was not found in the Mumbai or Chennai carrier master sheets.,
6040,vendor_not_in_master,Simple Shipping Solutions,,Surabaya,SURABAYA,,,,,,,,,,none,Carrier was not found in the Mumbai or Chennai carrier master sheets.,
6125,vendor_not_in_master,Swift,,Long Beach,LONG BEACH,,,,,,,,,,none,Carrier was not found in the Mumbai or Chennai carrier master sheets.,
6126,vendor_not_in_master,Swift,,New York,NEW YORK,,,,,,,,,,none,Carrier was not found in the Mumbai or Chennai carrier master sheets.,
6424,vendor_not_in_master,Transmarine,,Bahrain,BAHRAIN,,,,,,,,,,none,Carrier was not found in the Mumbai or Chennai carrier master sheets.,
6634,vendor_not_in_master,United Liner Shipping Services,,Bahrain,BAHRAIN,,,,,,,,,,none,Carrier was not found in the Mumbai or Chennai carrier master sheets.,
6893,vendor_not_in_master,WIND AND Waves Shipping,,Aqaba,AQABA,,,,,,,,,,none,Carrier was not found in the Mumbai or Chennai carrier master sheets.,
6894,vendor_not_in_master,WIND AND Waves Shipping,,Chattogram,CHATTOGRAM,,,,,,,,,,none,Carrier was not found in the Mumbai or Chennai carrier master sheets.,
6895,vendor_not_in_master,WIND AND Waves Shipping,,Damietta,DAMIETTA,,,,,,,,,,none,Carrier was not found in the Mumbai or Chennai carrier master sheets.,
6896,vendor_not_in_master,WIND AND Waves Shipping,,Hamad,HAMAD,,,,,,,,,,none,Carrier was not found in the Mumbai or Chennai carrier master sheets.,
6897,vendor_not_in_master,WIND AND Waves Shipping,,Hamburg,HAMBURG,,,,,,,,,,none,Carrier was not found in the Mumbai or Chennai carrier master sheets.,
6898,vendor_not_in_master,WIND AND Waves Shipping,,Jakarta,JAKARTA,,,,,,,,,,none,Carrier was not found in the Mumbai or Chennai carrier master sheets.,
6899,vendor_not_in_master,WIND AND Waves Shipping,,Jebel Ali,JEBEL ALI,,,,,,,,,,none,Carrier was not found in the Mumbai or Chennai carrier master sheets.,
6900,vendor_not_in_master,WIND AND Waves Shipping,,Mombasa,MOMBASA,,,,,,,,,,none,Carrier was not found in the Mumbai or Chennai carrier master sheets.,
6901,vendor_not_in_master,WIND AND Waves Shipping,,Port Sudan,PORT SUDAN,,,,,,,,,,none,Carrier was not found in the Mumbai or Chennai carrier master sheets.,
6902,vendor_not_in_master,WIND AND Waves Shipping,,Riga,RIGA,,,,,,,,,,none,Carrier was not found in the Mumbai or Chennai carrier master sheets.,
6903,vendor_not_in_master,WIND AND Waves Shipping,,Shenzhen,SHENZHEN,,,,,,,,,,none,Carrier was not found in the Mumbai or Chennai carrier master sheets.,
7147,vendor_not_in_master,RCL LINE,Nilesh Metry,Shuaibaa,SHUAIBAA,,,,,,,,,,none,Carrier was not found in the Mumbai or Chennai carrier master sheets.,
7148,vendor_not_in_master,RCL LINE,Nilesh Metry,Shuwaikh,SHUWAIKH,,,,,,,,,,none,Carrier was not found in the Mumbai or Chennai carrier master sheets.,
7149,vendor_not_in_master,RCL LINE,Nilesh Metry,Ras Al Khaimah,RAS AL KHAIMAH,,,,,,,,,,none,Carrier was not found in the Mumbai or Chennai carrier master sheets.,
7150,vendor_not_in_master,RCL LINE,Nilesh Metry,Sharjah,SHARJAH,,,,,,,,,,none,Carrier was not found in the Mumbai or Chennai carrier master sheets.,
7151,vendor_not_in_master,RCL LINE,Nilesh Metry,Umm Al Quwain,UMM AL QUWAIN,,,,,,,,,,none,Carrier was not found in the Mumbai or Chennai carrier master sheets.,
7152,vendor_not_in_master,RCL LINE,Nilesh Metry,Ajman,AJMAN,,,,,,,,,,none,Carrier was not found in the Mumbai or Chennai carrier master sheets.,
7153,vendor_not_in_master,RCL LINE,Nilesh Metry,Bahrain,BAHRAIN,,,,,,,,,,none,Carrier was not found in the Mumbai or Chennai carrier master sheets.,
7154,vendor_not_in_master,RCL LINE,Nilesh Metry,Umm Qasr,UMM QASR,,,,,,,,,,none,Carrier was not found in the Mumbai or Chennai carrier master sheets.,
7155,vendor_not_in_master,RCL LINE,Nilesh Metry,Jebel Ali,JEBEL ALI,,,,,,,,,,none,Carrier was not found in the Mumbai or Chennai carrier master sheets.,
7156,vendor_not_in_master,RCL LINE,Nilesh Metry,Jeddah,JEDDAH,,,,,,,,,,none,Carrier was not found in the Mumbai or Chennai carrier master sheets.,
7157,vendor_not_in_master,RCL LINE,Nilesh Metry,Dammam,DAMMAM,,,,,,,,,,none,Carrier was not found in the Mumbai or Chennai carrier master sheets.,
7158,vendor_not_in_master,RCL LINE,Nilesh Metry,Sokhna,SOKHNA,,,,,,,,,,none,Carrier was not found in the Mumbai or Chennai carrier master sheets.,
7159,vendor_not_in_master,RCL LINE,Nilesh Metry,Aqaba,AQABA,,,,,,,,,,none,Carrier was not found in the Mumbai or Chennai carrier master sheets.,
7160,vendor_not_in_master,RCL LINE,Nilesh Metry,Sohar,SOHAR,,,,,,,,,,none,Carrier was not found in the Mumbai or Chennai carrier master sheets.,
7161,vendor_not_in_master,RCL LINE,Nilesh Metry,Manzanillo,MANZANILLO,,,,,,,,,,none,Carrier was not found in the Mumbai or Chennai carrier master sheets.,
7162,vendor_not_in_master,RCL LINE,Nilesh Metry,Tokyo,TOKYO,,,,,,,,,,none,Carrier was not found in the Mumbai or Chennai carrier master sheets.,
7163,vendor_not_in_master,RCL LINE,Nilesh Metry,Yokohama,YOKOHAMA,,,,,,,,,,none,Carrier was not found in the Mumbai or Chennai carrier master sheets.,
7164,vendor_not_in_master,RCL LINE,Nilesh Metry,Osaka,OSAKA,,,,,,,,,,none,Carrier was not found in the Mumbai or Chennai carrier master sheets.,
7165,vendor_not_in_master,RCL LINE,Nilesh Metry,Kobe,KOBE,,,,,,,,,,none,Carrier was not found in the Mumbai or Chennai carrier master sheets.,
7166,vendor_not_in_master,RCL LINE,Nilesh Metry,Moji,MOJI,,,,,,,,,,none,Carrier was not found in the Mumbai or Chennai carrier master sheets.,
7167,vendor_not_in_master,RCL LINE,Nilesh Metry,Busan,BUSAN,,,,,,,,,,none,Carrier was not found in the Mumbai or Chennai carrier master sheets.,
7168,vendor_not_in_master,RCL LINE,Nilesh Metry,Bangkok(Pat) / Klongteoy,BANGKOK PAT KLONGTEOY,,,,,,,,,,none,Carrier was not found in the Mumbai or Chennai carrier master sheets.,
7169,vendor_not_in_master,RCL LINE,Nilesh Metry,Laem Chabang,LAEM CHABANG,,,,,,,,,,none,Carrier was not found in the Mumbai or Chennai carrier master sheets.,
7170,vendor_not_in_master,RCL LINE,Nilesh Metry,Latkrabang,LATKRABANG,,,,,,,,,,none,Carrier was not found in the Mumbai or Chennai carrier master sheets.,
7171,vendor_not_in_master,RCL LINE,Nilesh Metry,Songhkla,SONGHKLA,,,,,,,,,,none,Carrier was not found in the Mumbai or Chennai carrier master sheets.,
7172,vendor_not_in_master,RCL LINE,Nilesh Metry,Singapore,SINGAPORE,,,,,,,,,,none,Carrier was not found in the Mumbai or Chennai carrier master sheets.,
7173,vendor_not_in_master,RCL LINE,Nilesh Metry,Hong Kong,HONG KONG,,,,,,,,,,none,Carrier was not found in the Mumbai or Chennai carrier master sheets.,
7174,vendor_not_in_master,RCL LINE,Nilesh Metry,Port Klang,PORT KLANG,,,,,,,,,,none,Carrier was not found in the Mumbai or Chennai carrier master sheets.,
7175,vendor_not_in_master,RCL LINE,Nilesh Metry,Penang,PENANG,,,,,,,,,,none,Carrier was not found in the Mumbai or Chennai carrier master sheets.,
7176,vendor_not_in_master,RCL LINE,Nilesh Metry,Pasir Gudang,PASIR GUDANG,,,,,,,,,,none,Carrier was not found in the Mumbai or Chennai carrier master sheets.,
7177,vendor_not_in_master,RCL LINE,Nilesh Metry,Jakarta,JAKARTA,,,,,,,,,,none,Carrier was not found in the Mumbai or Chennai carrier master sheets.,
7178,vendor_not_in_master,RCL LINE,Nilesh Metry,Surabaya,SURABAYA,,,,,,,,,,none,Carrier was not found in the Mumbai or Chennai carrier master sheets.,
7179,vendor_not_in_master,RCL LINE,Nilesh Metry,Palembang,PALEMBANG,,,,,,,,,,none,Carrier was not found in the Mumbai or Chennai carrier master sheets.,
7180,vendor_not_in_master,RCL LINE,Nilesh Metry,Semarang,SEMARANG,,,,,,,,,,none,Carrier was not found in the Mumbai or Chennai carrier master sheets.,
7181,vendor_not_in_master,RCL LINE,Nilesh Metry,North Manila,NORTH MANILA,,,,,,,,,,none,Carrier was not found in the Mumbai or Chennai carrier master sheets.,
7182,vendor_not_in_master,RCL LINE,Nilesh Metry,Davao,DAVAO,,,,,,,,,,none,Carrier was not found in the Mumbai or Chennai carrier master sheets.,
7183,vendor_not_in_master,RCL LINE,Nilesh Metry,Cebu,CEBU,,,,,,,,,,none,Carrier was not found in the Mumbai or Chennai carrier master sheets.,
7184,vendor_not_in_master,RCL LINE,Nilesh Metry,Cagayan De Oro,CAGAYAN DE ORO,,,,,,,,,,none,Carrier was not found in the Mumbai or Chennai carrier master sheets.,
7185,vendor_not_in_master,RCL LINE,Nilesh Metry,Subic Bay,SUBIC BAY,,,,,,,,,,none,Carrier was not found in the Mumbai or Chennai carrier master sheets.,
7186,vendor_not_in_master,RCL LINE,Nilesh Metry,"Ho Chi Minh, Catlai",HO CHI MINH CATLAI,,,,,,,,,,none,Carrier was not found in the Mumbai or Chennai carrier master sheets.,
7187,vendor_not_in_master,RCL LINE,Nilesh Metry,Keelung,KEELUNG,,,,,,,,,,none,Carrier was not found in the Mumbai or Chennai carrier master sheets.,
7188,vendor_not_in_master,RCL LINE,Nilesh Metry,Taichung,TAICHUNG,,,,,,,,,,none,Carrier was not found in the Mumbai or Chennai carrier master sheets.,
7189,vendor_not_in_master,RCL LINE,Nilesh Metry,Shanghai,SHANGHAI,,,,,,,,,,none,Carrier was not found in the Mumbai or Chennai carrier master sheets.,
7190,vendor_not_in_master,RCL LINE,Nilesh Metry,Ningbo,NINGBO,,,,,,,,,,none,Carrier was not found in the Mumbai or Chennai carrier master sheets.,
7191,vendor_not_in_master,RCL LINE,Nilesh Metry,Xingang/Tianjin,XINGANG TIANJIN,,,,,,,,,,none,Carrier was not found in the Mumbai or Chennai carrier master sheets.,
7192,vendor_not_in_master,RCL LINE,Nilesh Metry,Xiamen,XIAMEN,,,,,,,,,,none,Carrier was not found in the Mumbai or Chennai carrier master sheets.,
7193,vendor_not_in_master,RCL LINE,Nilesh Metry,Qingdao,QINGDAO,,,,,,,,,,none,Carrier was not found in the Mumbai or Chennai carrier master sheets.,
7194,vendor_not_in_master,RCL LINE,Nilesh Metry,Dalian,DALIAN,,,,,,,,,,none,Carrier was not found in the Mumbai or Chennai carrier master sheets.,
7195,vendor_not_in_master,RCL LINE,Nilesh Metry,Guangzhou / Huangpu,GUANGZHOU HUANGPU,,,,,,,,,,none,Carrier was not found in the Mumbai or Chennai carrier master sheets.,
7196,vendor_not_in_master,RCL LINE,Nilesh Metry,Yantian,YANTIAN,,,,,,,,,,none,Carrier was not found in the Mumbai or Chennai carrier master sheets.,
7197,vendor_not_in_master,RCL LINE,Nilesh Metry,Jiangmen,JIANGMEN,,,,,,,,,,none,Carrier was not found in the Mumbai or Chennai carrier master sheets.,
7198,vendor_not_in_master,RCL LINE,Nilesh Metry,Shekou,SHEKOU,,,,,,,,,,none,Carrier was not found in the Mumbai or Chennai carrier master sheets.,
7199,vendor_not_in_master,RCL LINE,Nilesh Metry,Shunde/Ronqui,SHUNDE RONQUI,,,,,,,,,,none,Carrier was not found in the Mumbai or Chennai carrier master sheets.,
7200,vendor_not_in_master,RCL LINE,Nilesh Metry,Shantou,SHANTOU,,,,,,,,,,none,Carrier was not found in the Mumbai or Chennai carrier master sheets.,
7201,vendor_not_in_master,RCL LINE,Nilesh Metry,Nansha,NANSHA,,,,,,,,,,none,Carrier was not found in the Mumbai or Chennai carrier master sheets.,
7202,vendor_not_in_master,RCL LINE,Nilesh Metry,Foshan,FOSHAN,,,,,,,,,,none,Carrier was not found in the Mumbai or Chennai carrier master sheets.,
7203,vendor_not_in_master,RCL LINE,Nilesh Metry,"Sanshan, Nanhai",SANSHAN NANHAI,,,,,,,,,,none,Carrier was not found in the Mumbai or Chennai carrier master sheets.,
7204,vendor_not_in_master,RCL LINE,Nilesh Metry,Nansha,NANSHA,,,,,,,,,,none,Carrier was not found in the Mumbai or Chennai carrier master sheets.,
7205,vendor_not_in_master,RCL LINE,Nilesh Metry,Nantong,NANTONG,,,,,,,,,,none,Carrier was not found in the Mumbai or Chennai carrier master sheets.,
7206,vendor_not_in_master,RCL LINE,Nilesh Metry,Zhanjiagang,ZHANJIAGANG,,,,,,,,,,none,Carrier was not found in the Mumbai or Chennai carrier master sheets.,
7207,vendor_not_in_master,RCL LINE,Nilesh Metry,Zhongshan City,ZHONGSHAN CITY,,,,,,,,,,none,Carrier was not found in the Mumbai or Chennai carrier master sheets.,
7208,vendor_not_in_master,RCL LINE,Nilesh Metry,Nanjing,NANJING,,,,,,,,,,none,Carrier was not found in the Mumbai or Chennai carrier master sheets.,
7209,vendor_not_in_master,RCL LINE,Nilesh Metry,Wuhu,WUHU,,,,,,,,,,none,Carrier was not found in the Mumbai or Chennai carrier master sheets.,
7210,vendor_not_in_master,RCL LINE,Nilesh Metry,Wuhan,WUHAN,,,,,,,,,,none,Carrier was not found in the Mumbai or Chennai carrier master sheets.,
7211,vendor_not_in_master,RCL LINE,Nilesh Metry,Wenzhou,WENZHOU,,,,,,,,,,none,Carrier was not found in the Mumbai or Chennai carrier master sheets.,
7212,vendor_not_in_master,RCL LINE,Nilesh Metry,Sihanoukville,SIHANOUKVILLE,,,,,,,,,,none,Carrier was not found in the Mumbai or Chennai carrier master sheets.,
7213,vendor_not_in_master,RCL LINE,Nilesh Metry,Phnom Penh,PHNOM PENH,,,,,,,,,,none,Carrier was not found in the Mumbai or Chennai carrier master sheets.,
7214,vendor_not_in_master,RCL LINE,Nilesh Metry,Yangon,YANGON,,,,,,,,,,none,Carrier was not found in the Mumbai or Chennai carrier master sheets.,
7262,vendor_not_in_master,United Freight Management PVT LTD,Pervinder Singh Sidhu,Colombo,COLOMBO,,,,,,,,,,none,Carrier was not found in the Mumbai or Chennai carrier master sheets.,
7263,vendor_not_in_master,United Freight Management PVT LTD,Pervinder Singh Sidhu,Chattogram,CHATTOGRAM,,,,,,,,,,none,Carrier was not found in the Mumbai or Chennai carrier master sheets.,
7264,vendor_not_in_master,United Freight Management PVT LTD,Pervinder Singh Sidhu,Port Klang,PORT KLANG,,,,,,,,,,none,Carrier was not found in the Mumbai or Chennai carrier master sheets.,
7265,vendor_not_in_master,United Freight Management PVT LTD,Pervinder Singh Sidhu,Hong Kong,HONG KONG,,,,,,,,,,none,Carrier was not found in the Mumbai or Chennai carrier master sheets.,
7266,vendor_not_in_master,United Freight Management PVT LTD,Pervinder Singh Sidhu,Singapore,SINGAPORE,,,,,,,,,,none,Carrier was not found in the Mumbai or Chennai carrier master sheets.,
7267,vendor_not_in_master,United Freight Management PVT LTD,Pervinder Singh Sidhu,Shanghai,SHANGHAI,,,,,,,,,,none,Carrier was not found in the Mumbai or Chennai carrier master sheets.,
7268,vendor_not_in_master,United Freight Management PVT LTD,Pervinder Singh Sidhu,Ho Chi Minh City,HO CHI MINH CITY,,,,,,,,,,none,Carrier was not found in the Mumbai or Chennai carrier master sheets.,
7269,vendor_not_in_master,United Freight Management PVT LTD,Pervinder Singh Sidhu,Bangkok,BANGKOK,,,,,,,,,,none,Carrier was not found in the Mumbai or Chennai carrier master sheets.,
7270,vendor_not_in_master,United Freight Management PVT LTD,Pervinder Singh Sidhu,Jakarta,JAKARTA,,,,,,,,,,none,Carrier was not found in the Mumbai or Chennai carrier master sheets.,
7271,vendor_not_in_master,United Freight Management PVT LTD,Pervinder Singh Sidhu,Manila ( North And South ),MANILA NORTH AND SOUTH,,,,,,,,,,none,Carrier was not found in the Mumbai or Chennai carrier master sheets.,
7272,vendor_not_in_master,United Freight Management PVT LTD,Pervinder Singh Sidhu,Lam Chabang,LAM CHABANG,,,,,,,,,,none,Carrier was not found in the Mumbai or Chennai carrier master sheets.,
7273,vendor_not_in_master,United Freight Management PVT LTD,Pervinder Singh Sidhu,Haipong,HAIPONG,,,,,,,,,,none,Carrier was not found in the Mumbai or Chennai carrier master sheets.,
7274,vendor_not_in_master,United Freight Management PVT LTD,Pervinder Singh Sidhu,Jebel Ali,JEBEL ALI,,,,,,,,,,none,Carrier was not found in the Mumbai or Chennai carrier master sheets.,
7275,vendor_not_in_master,United Freight Management PVT LTD,Pervinder Singh Sidhu,Sohar,SOHAR,,,,,,,,,,none,Carrier was not found in the Mumbai or Chennai carrier master sheets.,
7276,vendor_not_in_master,United Freight Management PVT LTD,Pervinder Singh Sidhu,Doha,DOHA,,,,,,,,,,none,Carrier was not found in the Mumbai or Chennai carrier master sheets.,
7277,vendor_not_in_master,United Freight Management PVT LTD,Pervinder Singh Sidhu,Dammam,DAMMAM,,,,,,,,,,none,Carrier was not found in the Mumbai or Chennai carrier master sheets.,
7278,vendor_not_in_master,United Freight Management PVT LTD,Pervinder Singh Sidhu,Jeddah,JEDDAH,,,,,,,,,,none,Carrier was not found in the Mumbai or Chennai carrier master sheets.,
7279,vendor_not_in_master,United Freight Management PVT LTD,Pervinder Singh Sidhu,Aqaba,AQABA,,,,,,,,,,none,Carrier was not found in the Mumbai or Chennai carrier master sheets.,
7280,vendor_not_in_master,United Freight Management PVT LTD,Pervinder Singh Sidhu,Abu Dhabi,ABU DHABI,,,,,,,,,,none,Carrier was not found in the Mumbai or Chennai carrier master sheets.,
7281,vendor_not_in_master,United Freight Management PVT LTD,Pervinder Singh Sidhu,Riyadh,RIYADH,,,,,,,,,,none,Carrier was not found in the Mumbai or Chennai carrier master sheets.,
7282,vendor_not_in_master,United Freight Management PVT LTD,Pervinder Singh Sidhu,Bahrain,BAHRAIN,,,,,,,,,,none,Carrier was not found in the Mumbai or Chennai carrier master sheets.,
7283,vendor_not_in_master,United Freight Management PVT LTD,Pervinder Singh Sidhu,Hamburg,HAMBURG,,,,,,,,,,none,Carrier was not found in the Mumbai or Chennai carrier master sheets.,
7284,vendor_not_in_master,United Freight Management PVT LTD,Pervinder Singh Sidhu,Barcelona,BARCELONA,,,,,,,,,,none,Carrier was not found in the Mumbai or Chennai carrier master sheets.,
7285,vendor_not_in_master,United Freight Management PVT LTD,Pervinder Singh Sidhu,Felixstowe,FELIXSTOWE,,,,,,,,,,none,Carrier was not found in the Mumbai or Chennai carrier master sheets.,
7286,vendor_not_in_master,United Freight Management PVT LTD,Pervinder Singh Sidhu,Rotterdam,ROTTERDAM,,,,,,,,,,none,Carrier was not found in the Mumbai or Chennai carrier master sheets.,
7287,vendor_not_in_master,United Freight Management PVT LTD,Pervinder Singh Sidhu,Antwerp,ANTWERP,,,,,,,,,,none,Carrier was not found in the Mumbai or Chennai carrier master sheets.,
7288,vendor_not_in_master,United Freight Management PVT LTD,Pervinder Singh Sidhu,Genoa,GENOA,,,,,,,,,,none,Carrier was not found in the Mumbai or Chennai carrier master sheets.,
7289,vendor_not_in_master,United Freight Management PVT LTD,Pervinder Singh Sidhu,Istanbul,ISTANBUL,,,,,,,,,,none,Carrier was not found in the Mumbai or Chennai carrier master sheets.,
7290,vendor_not_in_master,United Freight Management PVT LTD,Pervinder Singh Sidhu,Dublin,DUBLIN,,,,,,,,,,none,Carrier was not found in the Mumbai or Chennai carrier master sheets.,
7291,vendor_not_in_master,United Freight Management PVT LTD,Pervinder Singh Sidhu,Le Havre,LE HAVRE,,,,,,,,,,none,Carrier was not found in the Mumbai or Chennai carrier master sheets.,
7292,vendor_not_in_master,United Freight Management PVT LTD,Pervinder Singh Sidhu,Mombasa,MOMBASA,,,,,,,,,,none,Carrier was not found in the Mumbai or Chennai carrier master sheets.,
7293,vendor_not_in_master,United Freight Management PVT LTD,Pervinder Singh Sidhu,Dar E Salaam,DAR E SALAAM,,,,,,,,,,none,Carrier was not found in the Mumbai or Chennai carrier master sheets.,
7294,vendor_not_in_master,United Freight Management PVT LTD,Pervinder Singh Sidhu,Durban,DURBAN,,,,,,,,,,none,Carrier was not found in the Mumbai or Chennai carrier master sheets.,
7295,vendor_not_in_master,United Freight Management PVT LTD,Pervinder Singh Sidhu,Capetwon,CAPETWON,,,,,,,,,,none,Carrier was not found in the Mumbai or Chennai carrier master sheets.,
7296,vendor_not_in_master,United Freight Management PVT LTD,Pervinder Singh Sidhu,Johanesburg,JOHANESBURG,,,,,,,,,,none,Carrier was not found in the Mumbai or Chennai carrier master sheets.,
7297,vendor_not_in_master,United Freight Management PVT LTD,Pervinder Singh Sidhu,Port Elizabeth,PORT ELIZABETH,,,,,,,,,,none,Carrier was not found in the Mumbai or Chennai carrier master sheets.,
7298,vendor_not_in_master,United Freight Management PVT LTD,Pervinder Singh Sidhu,New York / All Inland Destination,NEW YORK ALL INLAND DESTINATION,,,,,,,,,,none,Carrier was not found in the Mumbai or Chennai carrier master sheets.,
7299,vendor_not_in_master,United Freight Management PVT LTD,Pervinder Singh Sidhu,Santos,SANTOS,,,,,,,,,,none,Carrier was not found in the Mumbai or Chennai carrier master sheets.,
7300,vendor_not_in_master,United Freight Management PVT LTD,Pervinder Singh Sidhu,Buenesaries,BUENESARIES,,,,,,,,,,none,Carrier was not found in the Mumbai or Chennai carrier master sheets.,
7301,vendor_not_in_master,United Freight Management PVT LTD,Pervinder Singh Sidhu,Buenaventura,BUENAVENTURA,,,,,,,,,,none,Carrier was not found in the Mumbai or Chennai carrier master sheets.,
7302,vendor_not_in_master,United Freight Management PVT LTD,Pervinder Singh Sidhu,Manzanillo,MANZANILLO,,,,,,,,,,none,Carrier was not found in the Mumbai or Chennai carrier master sheets.,
7303,vendor_not_in_master,United Freight Management PVT LTD,Pervinder Singh Sidhu,Montevideo,MONTEVIDEO,,,,,,,,,,none,Carrier was not found in the Mumbai or Chennai carrier master sheets.,
7304,vendor_not_in_master,United Freight Management PVT LTD,Pervinder Singh Sidhu,Veracruz,VERACRUZ,,,,,,,,,,none,Carrier was not found in the Mumbai or Chennai carrier master sheets.,
7305,vendor_not_in_master,Messina LINE,Mahendra Kumar,Djibouti,DJIBOUTI,,,,,,,,,,none,Carrier was not found in the Mumbai or Chennai carrier master sheets.,
7306,vendor_not_in_master,Messina LINE,Mahendra Kumar,Jeddah,JEDDAH,,,,,,,,,,none,Carrier was not found in the Mumbai or Chennai carrier master sheets.,
7307,vendor_not_in_master,Messina LINE,Mahendra Kumar,Aqaba,AQABA,,,,,,,,,,none,Carrier was not found in the Mumbai or Chennai carrier master sheets.,
7308,vendor_not_in_master,Messina LINE,Mahendra Kumar,Port Sudan,PORT SUDAN,,,,,,,,,,none,Carrier was not found in the Mumbai or Chennai carrier master sheets.,
7309,vendor_not_in_master,Messina LINE,Mahendra Kumar,Latakia,LATAKIA,,,,,,,,,,none,Carrier was not found in the Mumbai or Chennai carrier master sheets.,
7310,vendor_not_in_master,Messina LINE,Mahendra Kumar,Misurata,MISURATA,,,,,,,,,,none,Carrier was not found in the Mumbai or Chennai carrier master sheets.,
7311,vendor_not_in_master,Messina LINE,Mahendra Kumar,Benghazi,BENGHAZI,,,,,,,,,,none,Carrier was not found in the Mumbai or Chennai carrier master sheets.,
7312,vendor_not_in_master,Messina LINE,Mahendra Kumar,Tripoli,TRIPOLI,,,,,,,,,,none,Carrier was not found in the Mumbai or Chennai carrier master sheets.,
7313,vendor_not_in_master,Messina LINE,Mahendra Kumar,Castellon,CASTELLON,,,,,,,,,,none,Carrier was not found in the Mumbai or Chennai carrier master sheets.,
7314,vendor_not_in_master,Messina LINE,Mahendra Kumar,Casablanca,CASABLANCA,,,,,,,,,,none,Carrier was not found in the Mumbai or Chennai carrier master sheets.,
7315,vendor_not_in_master,Messina LINE,Mahendra Kumar,Barcelona,BARCELONA,,,,,,,,,,none,Carrier was not found in the Mumbai or Chennai carrier master sheets.,
7316,vendor_not_in_master,Messina LINE,Mahendra Kumar,Algiers,ALGIERS,,,,,,,,,,none,Carrier was not found in the Mumbai or Chennai carrier master sheets.,
7317,vendor_not_in_master,Messina LINE,Mahendra Kumar,Leixoes,LEIXOES,,,,,,,,,,none,Carrier was not found in the Mumbai or Chennai carrier master sheets.,
7318,vendor_not_in_master,Messina LINE,Mahendra Kumar,Setubal,SETUBAL,,,,,,,,,,none,Carrier was not found in the Mumbai or Chennai carrier master sheets.,
7319,vendor_not_in_master,Messina LINE,Mahendra Kumar,Alexandria,ALEXANDRIA,,,,,,,,,,none,Carrier was not found in the Mumbai or Chennai carrier master sheets.,
7320,vendor_not_in_master,Messina LINE,Mahendra Kumar,Tunis,TUNIS,,,,,,,,,,none,Carrier was not found in the Mumbai or Chennai carrier master sheets.,
7321,vendor_not_in_master,Messina LINE,Mahendra Kumar,Mersin,MERSIN,,,,,,,,,,none,Carrier was not found in the Mumbai or Chennai carrier master sheets.,
7322,vendor_not_in_master,Messina LINE,Mahendra Kumar,Iskenderun,ISKENDERUN,,,,,,,,,,none,Carrier was not found in the Mumbai or Chennai carrier master sheets.,
7323,vendor_not_in_master,Messina LINE,Mahendra Kumar,Genoa,GENOA,,,,,,,,,,none,Carrier was not found in the Mumbai or Chennai carrier master sheets.,
7324,vendor_not_in_master,Messina LINE,Mahendra Kumar,Naples,NAPLES,,,,,,,,,,none,Carrier was not found in the Mumbai or Chennai carrier master sheets.,
7325,vendor_not_in_master,Navexel,FAIZ Surthi,Loas Angeles,LOAS ANGELES,,,,,,,,,,none,Carrier was not found in the Mumbai or Chennai carrier master sheets.,
7326,vendor_not_in_master,Navexel,FAIZ Surthi,Long Beach,LONG BEACH,,,,,,,,,,none,Carrier was not found in the Mumbai or Chennai carrier master sheets.,
7327,vendor_not_in_master,Navexel,FAIZ Surthi,New York,NEW YORK,,,,,,,,,,none,Carrier was not found in the Mumbai or Chennai carrier master sheets.,
7328,vendor_not_in_master,Navexel,FAIZ Surthi,Savannah,SAVANNAH,,,,,,,,,,none,Carrier was not found in the Mumbai or Chennai carrier master sheets.,
7329,vendor_not_in_master,Navexel,FAIZ Surthi,Houston,HOUSTON,,,,,,,,,,none,Carrier was not found in the Mumbai or Chennai carrier master sheets.,
7330,vendor_not_in_master,Navexel,FAIZ Surthi,Norfolk,NORFOLK,,,,,,,,,,none,Carrier was not found in the Mumbai or Chennai carrier master sheets.,
7331,vendor_not_in_master,Navexel,FAIZ Surthi,Oakland,OAKLAND,,,,,,,,,,none,Carrier was not found in the Mumbai or Chennai carrier master sheets.,
7332,vendor_not_in_master,Navexel,FAIZ Surthi,Charleston,CHARLESTON,,,,,,,,,,none,Carrier was not found in the Mumbai or Chennai carrier master sheets.,
7333,vendor_not_in_master,Navexel,FAIZ Surthi,Miami,MIAMI,,,,,,,,,,none,Carrier was not found in the Mumbai or Chennai carrier master sheets.,
7334,vendor_not_in_master,Navexel,FAIZ Surthi,Jebel Ali,JEBEL ALI,,,,,,,,,,none,Carrier was not found in the Mumbai or Chennai carrier master sheets.,
7335,vendor_not_in_master,Navexel,FAIZ Surthi,Khalifa,KHALIFA,,,,,,,,,,none,Carrier was not found in the Mumbai or Chennai carrier master sheets.,
7336,vendor_not_in_master,Navexel,FAIZ Surthi,Jeddah,JEDDAH,,,,,,,,,,none,Carrier was not found in the Mumbai or Chennai carrier master sheets.,
7337,vendor_not_in_master,Navexel,FAIZ Surthi,Salalah,SALALAH,,,,,,,,,,none,Carrier was not found in the Mumbai or Chennai carrier master sheets.,
7338,vendor_not_in_master,Navexel,FAIZ Surthi,Hamad,HAMAD,,,,,,,,,,none,Carrier was not found in the Mumbai or Chennai carrier master sheets.,
7339,vendor_not_in_master,Navexel,FAIZ Surthi,Dammam,DAMMAM,,,,,,,,,,none,Carrier was not found in the Mumbai or Chennai carrier master sheets.,
7340,vendor_not_in_master,Navexel,FAIZ Surthi,Rotterdam,ROTTERDAM,,,,,,,,,,none,Carrier was not found in the Mumbai or Chennai carrier master sheets.,
7341,vendor_not_in_master,Navexel,FAIZ Surthi,Antwerp,ANTWERP,,,,,,,,,,none,Carrier was not found in the Mumbai or Chennai carrier master sheets.,
7342,vendor_not_in_master,Navexel,FAIZ Surthi,Hamburg,HAMBURG,,,,,,,,,,none,Carrier was not found in the Mumbai or Chennai carrier master sheets.,
7343,vendor_not_in_master,Navexel,FAIZ Surthi,Valencia,VALENCIA,,,,,,,,,,none,Carrier was not found in the Mumbai or Chennai carrier master sheets.,
7344,vendor_not_in_master,Navexel,FAIZ Surthi,Piraeus,PIRAEUS,,,,,,,,,,none,Carrier was not found in the Mumbai or Chennai carrier master sheets.,
7345,vendor_not_in_master,Navexel,FAIZ Surthi,Bremerhaven,BREMERHAVEN,,,,,,,,,,none,Carrier was not found in the Mumbai or Chennai carrier master sheets.,
7346,vendor_not_in_master,Navexel,FAIZ Surthi,Algeciras,ALGECIRAS,,,,,,,,,,none,Carrier was not found in the Mumbai or Chennai carrier master sheets.,
7347,vendor_not_in_master,Navexel,FAIZ Surthi,Barcelona,BARCELONA,,,,,,,,,,none,Carrier was not found in the Mumbai or Chennai carrier master sheets.,
7348,vendor_not_in_master,Navexel,FAIZ Surthi,Le Havre,LE HAVRE,,,,,,,,,,none,Carrier was not found in the Mumbai or Chennai carrier master sheets.,
7349,vendor_not_in_master,Navexel,FAIZ Surthi,Valencia,VALENCIA,,,,,,,,,,none,Carrier was not found in the Mumbai or Chennai carrier master sheets.,
7350,vendor_not_in_master,Navexel,FAIZ Surthi,Barcelona,BARCELONA,,,,,,,,,,none,Carrier was not found in the Mumbai or Chennai carrier master sheets.,
7351,vendor_not_in_master,Navexel,FAIZ Surthi,Piraeus,PIRAEUS,,,,,,,,,,none,Carrier was not found in the Mumbai or Chennai carrier master sheets.,
7352,vendor_not_in_master,Navexel,FAIZ Surthi,Genoa,GENOA,,,,,,,,,,none,Carrier was not found in the Mumbai or Chennai carrier master sheets.,
7353,vendor_not_in_master,Navexel,FAIZ Surthi,Naples,NAPLES,,,,,,,,,,none,Carrier was not found in the Mumbai or Chennai carrier master sheets.,
7354,vendor_not_in_master,Navexel,FAIZ Surthi,Livorno,LIVORNO,,,,,,,,,,none,Carrier was not found in the Mumbai or Chennai carrier master sheets.,
7355,vendor_not_in_master,Navexel,FAIZ Surthi,Marseille,MARSEILLE,,,,,,,,,,none,Carrier was not found in the Mumbai or Chennai carrier master sheets.,
7356,vendor_not_in_master,Navexel,FAIZ Surthi,Limassol,LIMASSOL,,,,,,,,,,none,Carrier was not found in the Mumbai or Chennai carrier master sheets.,
7357,vendor_not_in_master,Navexel,FAIZ Surthi,Tanger Med,TANGER MED,,,,,,,,,,none,Carrier was not found in the Mumbai or Chennai carrier master sheets.,
7358,vendor_not_in_master,Navexel,FAIZ Surthi,Port Said,PORT SAID,,,,,,,,,,none,Carrier was not found in the Mumbai or Chennai carrier master sheets.,
7359,vendor_not_in_master,Navexel,FAIZ Surthi,Casablanca,CASABLANCA,,,,,,,,,,none,Carrier was not found in the Mumbai or Chennai carrier master sheets.,
7360,vendor_not_in_master,Navexel,FAIZ Surthi,Rades,RADES,,,,,,,,,,none,Carrier was not found in the Mumbai or Chennai carrier master sheets.,
7361,vendor_not_in_master,Navexel,FAIZ Surthi,Alexandria,ALEXANDRIA,,,,,,,,,,none,Carrier was not found in the Mumbai or Chennai carrier master sheets.,
7362,vendor_not_in_master,Navexel,FAIZ Surthi,Abidjan,ABIDJAN,,,,,,,,,,none,Carrier was not found in the Mumbai or Chennai carrier master sheets.,
7363,vendor_not_in_master,Navexel,FAIZ Surthi,Lome,LOME,,,,,,,,,,none,Carrier was not found in the Mumbai or Chennai carrier master sheets.,
7364,vendor_not_in_master,Navexel,FAIZ Surthi,Tema,TEMA,,,,,,,,,,none,Carrier was not found in the Mumbai or Chennai carrier master sheets.,
7365,vendor_not_in_master,Navexel,FAIZ Surthi,Apapa,APAPA,,,,,,,,,,none,Carrier was not found in the Mumbai or Chennai carrier master sheets.,
7366,vendor_not_in_master,Navexel,FAIZ Surthi,Dakar,DAKAR,,,,,,,,,,none,Carrier was not found in the Mumbai or Chennai carrier master sheets.,
7367,vendor_not_in_master,Navexel,FAIZ Surthi,Mombasa,MOMBASA,,,,,,,,,,none,Carrier was not found in the Mumbai or Chennai carrier master sheets.,
7368,vendor_not_in_master,Navexel,FAIZ Surthi,Dar Es Salaam,DAR ES SALAAM,,,,,,,,,,none,Carrier was not found in the Mumbai or Chennai carrier master sheets.,
7369,vendor_not_in_master,Navexel,FAIZ Surthi,Djibouti,DJIBOUTI,,,,,,,,,,none,Carrier was not found in the Mumbai or Chennai carrier master sheets.,
7370,vendor_not_in_master,Navexel,FAIZ Surthi,Durban,DURBAN,,,,,,,,,,none,Carrier was not found in the Mumbai or Chennai carrier master sheets.,
7371,vendor_not_in_master,Navexel,FAIZ Surthi,Cape Town,CAPE TOWN,,,,,,,,,,none,Carrier was not found in the Mumbai or Chennai carrier master sheets.,
7372,vendor_not_in_master,Navexel,FAIZ Surthi,Maputo,MAPUTO,,,,,,,,,,none,Carrier was not found in the Mumbai or Chennai carrier master sheets.,
7373,vendor_not_in_master,Navexel,FAIZ Surthi,Shanghai,SHANGHAI,,,,,,,,,,none,Carrier was not found in the Mumbai or Chennai carrier master sheets.,
7374,vendor_not_in_master,Navexel,FAIZ Surthi,Singapore,SINGAPORE,,,,,,,,,,none,Carrier was not found in the Mumbai or Chennai carrier master sheets.,
7375,vendor_not_in_master,Navexel,FAIZ Surthi,Shenzhen,SHENZHEN,,,,,,,,,,none,Carrier was not found in the Mumbai or Chennai carrier master sheets.,
7376,vendor_not_in_master,Navexel,FAIZ Surthi,Ningbo,NINGBO,,,,,,,,,,none,Carrier was not found in the Mumbai or Chennai carrier master sheets.,
7377,vendor_not_in_master,Navexel,FAIZ Surthi,Busan,BUSAN,,,,,,,,,,none,Carrier was not found in the Mumbai or Chennai carrier master sheets.,
7378,vendor_not_in_master,Navexel,FAIZ Surthi,Hong Kong,HONG KONG,,,,,,,,,,none,Carrier was not found in the Mumbai or Chennai carrier master sheets.,
7379,vendor_not_in_master,Navexel,FAIZ Surthi,Qingdao,QINGDAO,,,,,,,,,,none,Carrier was not found in the Mumbai or Chennai carrier master sheets.,
7380,vendor_not_in_master,Navexel,FAIZ Surthi,Tianjin,TIANJIN,,,,,,,,,,none,Carrier was not found in the Mumbai or Chennai carrier master sheets.,
7381,vendor_not_in_master,Navexel,FAIZ Surthi,Port Klang,PORT KLANG,,,,,,,,,,none,Carrier was not found in the Mumbai or Chennai carrier master sheets.,
7382,vendor_not_in_master,Navexel,FAIZ Surthi,Guangzhou,GUANGZHOU,,,,,,,,,,none,Carrier was not found in the Mumbai or Chennai carrier master sheets.,
7383,vendor_not_in_master,Navexel,FAIZ Surthi,Kaohsiung,KAOHSIUNG,,,,,,,,,,none,Carrier was not found in the Mumbai or Chennai carrier master sheets.,
7384,vendor_not_in_master,Navexel,FAIZ Surthi,Dalian,DALIAN,,,,,,,,,,none,Carrier was not found in the Mumbai or Chennai carrier master sheets.,
7385,vendor_not_in_master,Navexel,FAIZ Surthi,Laem Chabang,LAEM CHABANG,,,,,,,,,,none,Carrier was not found in the Mumbai or Chennai carrier master sheets.,
7415,vendor_not_in_master,Arkas LINE,Omsagar Bundele,Algiers/Alger,ALGIERS ALGER,,,,,,,,,,none,Carrier was not found in the Mumbai or Chennai carrier master sheets.,
7416,vendor_not_in_master,Arkas LINE,Omsagar Bundele,Anaba,ANABA,,,,,,,,,,none,Carrier was not found in the Mumbai or Chennai carrier master sheets.,
7417,vendor_not_in_master,Arkas LINE,Omsagar Bundele,Oran,ORAN,,,,,,,,,,none,Carrier was not found in the Mumbai or Chennai carrier master sheets.,
7418,vendor_not_in_master,Arkas LINE,Omsagar Bundele,Skikda,SKIKDA,,,,,,,,,,none,Carrier was not found in the Mumbai or Chennai carrier master sheets.,
7419,vendor_not_in_master,Arkas LINE,Omsagar Bundele,Skida,SKIDA,,,,,,,,,,none,Carrier was not found in the Mumbai or Chennai carrier master sheets.,
7420,vendor_not_in_master,Arkas LINE,Omsagar Bundele,"Benghazi,Libiya",BENGHAZI LIBIYA,,,,,,,,,,none,Carrier was not found in the Mumbai or Chennai carrier master sheets.,
7421,vendor_not_in_master,Arkas LINE,Omsagar Bundele,Misurata,MISURATA,,,,,,,,,,none,Carrier was not found in the Mumbai or Chennai carrier master sheets.,
7422,vendor_not_in_master,Arkas LINE,Omsagar Bundele,Tripoli,TRIPOLI,,,,,,,,,,none,Carrier was not found in the Mumbai or Chennai carrier master sheets.,
7423,vendor_not_in_master,Arkas LINE,Omsagar Bundele,Casablanca,CASABLANCA,,,,,,,,,,none,Carrier was not found in the Mumbai or Chennai carrier master sheets.,
7424,vendor_not_in_master,Arkas LINE,Omsagar Bundele,Sfax Tunisia,SFAX TUNISIA,,,,,,,,,,none,Carrier was not found in the Mumbai or Chennai carrier master sheets.,
7425,vendor_not_in_master,Arkas LINE,Omsagar Bundele,Tunisia,TUNISIA,,,,,,,,,,none,Carrier was not found in the Mumbai or Chennai carrier master sheets.,
7426,vendor_not_in_master,Arkas LINE,Omsagar Bundele,Alexandria,ALEXANDRIA,,,,,,,,,,none,Carrier was not found in the Mumbai or Chennai carrier master sheets.,
7427,vendor_not_in_master,Arkas LINE,Omsagar Bundele,Port Said,PORT SAID,,,,,,,,,,none,Carrier was not found in the Mumbai or Chennai carrier master sheets.,
7428,vendor_not_in_master,Arkas LINE,Omsagar Bundele,Piraeus,PIRAEUS,,,,,,,,,,none,Carrier was not found in the Mumbai or Chennai carrier master sheets.,
7429,vendor_not_in_master,Arkas LINE,Omsagar Bundele,Thessalonki,THESSALONKI,,,,,,,,,,none,Carrier was not found in the Mumbai or Chennai carrier master sheets.,
7430,vendor_not_in_master,Arkas LINE,Omsagar Bundele,Beirut,BEIRUT,,,,,,,,,,none,Carrier was not found in the Mumbai or Chennai carrier master sheets.,
7431,vendor_not_in_master,Arkas LINE,Omsagar Bundele,Latakia,LATAKIA,,,,,,,,,,none,Carrier was not found in the Mumbai or Chennai carrier master sheets.,
7432,vendor_not_in_master,Arkas LINE,Omsagar Bundele,Aliaga,ALIAGA,,,,,,,,,,none,Carrier was not found in the Mumbai or Chennai carrier master sheets.,
7433,vendor_not_in_master,Arkas LINE,Omsagar Bundele,Amberli/Marport/Istanbul,AMBERLI MARPORT ISTANBUL,,,,,,,,,,none,Carrier was not found in the Mumbai or Chennai carrier master sheets.,
7434,vendor_not_in_master,Arkas LINE,Omsagar Bundele,Gemlik,GEMLIK,,,,,,,,,,none,Carrier was not found in the Mumbai or Chennai carrier master sheets.,
7435,vendor_not_in_master,Arkas LINE,Omsagar Bundele,Iskendrun,ISKENDRUN,,,,,,,,,,none,Carrier was not found in the Mumbai or Chennai carrier master sheets.,
7436,vendor_not_in_master,Arkas LINE,Omsagar Bundele,Mersin,MERSIN,,,,,,,,,,none,Carrier was not found in the Mumbai or Chennai carrier master sheets.,
7437,vendor_not_in_master,Arkas LINE,Omsagar Bundele,Port Of Gebze/Evyap/Izmit,PORT OF GEBZE EVYAP IZMIT,,,,,,,,,,none,Carrier was not found in the Mumbai or Chennai carrier master sheets.,
7438,vendor_not_in_master,Arkas LINE,Omsagar Bundele,Fous Sur Mer,FOUS SUR MER,,,,,,,,,,none,Carrier was not found in the Mumbai or Chennai carrier master sheets.,
7439,vendor_not_in_master,Arkas LINE,Omsagar Bundele,Genoa,GENOA,,,,,,,,,,none,Carrier was not found in the Mumbai or Chennai carrier master sheets.,
7440,vendor_not_in_master,Arkas LINE,Omsagar Bundele,Laz Pezia,LAZ PEZIA,,,,,,,,,,none,Carrier was not found in the Mumbai or Chennai carrier master sheets.,
7441,vendor_not_in_master,Arkas LINE,Omsagar Bundele,Salerno,SALERNO,,,,,,,,,,none,Carrier was not found in the Mumbai or Chennai carrier master sheets.,
7442,vendor_not_in_master,Arkas LINE,Omsagar Bundele,Barcelona,BARCELONA,,,,,,,,,,none,Carrier was not found in the Mumbai or Chennai carrier master sheets.,
7443,vendor_not_in_master,Arkas LINE,Omsagar Bundele,Valencia,VALENCIA,,,,,,,,,,none,Carrier was not found in the Mumbai or Chennai carrier master sheets.,
7444,vendor_not_in_master,Arkas LINE,Omsagar Bundele,Djibouti,DJIBOUTI,,,,,,,,,,none,Carrier was not found in the Mumbai or Chennai carrier master sheets.,
7445,vendor_not_in_master,Arkas LINE,Omsagar Bundele,Aqaba,AQABA,,,,,,,,,,none,Carrier was not found in the Mumbai or Chennai carrier master sheets.,
7446,vendor_not_in_master,Arkas LINE,Omsagar Bundele,Jeddah,JEDDAH,,,,,,,,,,none,Carrier was not found in the Mumbai or Chennai carrier master sheets.,
7447,vendor_not_in_master,Arkas LINE,Omsagar Bundele,Port Sudan,PORT SUDAN,,,,,,,,,,none,Carrier was not found in the Mumbai or Chennai carrier master sheets.,
7448,vendor_not_in_master,Arkas LINE,Omsagar Bundele,Burgas,BURGAS,,,,,,,,,,none,Carrier was not found in the Mumbai or Chennai carrier master sheets.,
7449,vendor_not_in_master,Arkas LINE,Omsagar Bundele,Poti,POTI,,,,,,,,,,none,Carrier was not found in the Mumbai or Chennai carrier master sheets.,
7450,vendor_not_in_master,Arkas LINE,Omsagar Bundele,Novorossiysk,NOVOROSSIYSK,,,,,,,,,,none,Carrier was not found in the Mumbai or Chennai carrier master sheets.,
7451,vendor_not_in_master,Arkas LINE,Omsagar Bundele,Varna,VARNA,,,,,,,,,,none,Carrier was not found in the Mumbai or Chennai carrier master sheets.,
7452,vendor_not_in_master,Arkas LINE,Omsagar Bundele,Constanza,CONSTANZA,,,,,,,,,,none,Carrier was not found in the Mumbai or Chennai carrier master sheets.,
7453,vendor_not_in_master,Arkas LINE,Omsagar Bundele,Constanta,CONSTANTA,,,,,,,,,,none,Carrier was not found in the Mumbai or Chennai carrier master sheets.,
7454,vendor_not_in_master,Arkas LINE,Omsagar Bundele,Dakar,DAKAR,,,,,,,,,,none,Carrier was not found in the Mumbai or Chennai carrier master sheets.,
7455,vendor_not_in_master,Arkas LINE,Omsagar Bundele,Abidjan,ABIDJAN,,,,,,,,,,none,Carrier was not found in the Mumbai or Chennai carrier master sheets.,
7456,vendor_not_in_master,Arkas LINE,Omsagar Bundele,Apapa,APAPA,,,,,,,,,,none,Carrier was not found in the Mumbai or Chennai carrier master sheets.,
7457,vendor_not_in_master,Arkas LINE,Omsagar Bundele,Tincan,TINCAN,,,,,,,,,,none,Carrier was not found in the Mumbai or Chennai carrier master sheets.,
7458,vendor_not_in_master,Arkas LINE,Omsagar Bundele,Nouakchott,NOUAKCHOTT,,,,,,,,,,none,Carrier was not found in the Mumbai or Chennai carrier master sheets.,
7459,vendor_not_in_master,Arkas LINE,Omsagar Bundele,Tema,TEMA,,,,,,,,,,none,Carrier was not found in the Mumbai or Chennai carrier master sheets.,
7460,vendor_not_in_master,Arkas LINE,Omsagar Bundele,Cotonou,COTONOU,,,,,,,,,,none,Carrier was not found in the Mumbai or Chennai carrier master sheets.,
7461,vendor_not_in_master,TS LINE,Pranav JANI,Hongkong,HONGKONG,,,,,,,,,,none,Carrier was not found in the Mumbai or Chennai carrier master sheets.,
7462,vendor_not_in_master,TS LINE,Pranav JANI,Busan,BUSAN,,,,,,,,,,none,Carrier was not found in the Mumbai or Chennai carrier master sheets.,
7463,vendor_not_in_master,TS LINE,Pranav JANI,Incheon,INCHEON,,,,,,,,,,none,Carrier was not found in the Mumbai or Chennai carrier master sheets.,
7464,vendor_not_in_master,TS LINE,Pranav JANI,Kwangyang,KWANGYANG,,,,,,,,,,none,Carrier was not found in the Mumbai or Chennai carrier master sheets.,
7465,vendor_not_in_master,TS LINE,Pranav JANI,Tokyo,TOKYO,,,,,,,,,,none,Carrier was not found in the Mumbai or Chennai carrier master sheets.,
7466,vendor_not_in_master,TS LINE,Pranav JANI,Yokohama,YOKOHAMA,,,,,,,,,,none,Carrier was not found in the Mumbai or Chennai carrier master sheets.,
7467,vendor_not_in_master,TS LINE,Pranav JANI,Osaka,OSAKA,,,,,,,,,,none,Carrier was not found in the Mumbai or Chennai carrier master sheets.,
7468,vendor_not_in_master,TS LINE,Pranav JANI,Kobe,KOBE,,,,,,,,,,none,Carrier was not found in the Mumbai or Chennai carrier master sheets.,
7469,vendor_not_in_master,TS LINE,Pranav JANI,Moji,MOJI,,,,,,,,,,none,Carrier was not found in the Mumbai or Chennai carrier master sheets.,
7470,vendor_not_in_master,TS LINE,Pranav JANI,Qingdao,QINGDAO,,,,,,,,,,none,Carrier was not found in the Mumbai or Chennai carrier master sheets.,
7471,vendor_not_in_master,TS LINE,Pranav JANI,Shanghai,SHANGHAI,,,,,,,,,,none,Carrier was not found in the Mumbai or Chennai carrier master sheets.,
7472,vendor_not_in_master,TS LINE,Pranav JANI,Shekou,SHEKOU,,,,,,,,,,none,Carrier was not found in the Mumbai or Chennai carrier master sheets.,
7473,vendor_not_in_master,TS LINE,Pranav JANI,Xingang,XINGANG,,,,,,,,,,none,Carrier was not found in the Mumbai or Chennai carrier master sheets.,
7474,vendor_not_in_master,TS LINE,Pranav JANI,Ningbo,NINGBO,,,,,,,,,,none,Carrier was not found in the Mumbai or Chennai carrier master sheets.,
7475,vendor_not_in_master,TS LINE,Pranav JANI,Shunde,SHUNDE,,,,,,,,,,none,Carrier was not found in the Mumbai or Chennai carrier master sheets.,
7476,vendor_not_in_master,TS LINE,Pranav JANI,Xiamen,XIAMEN,,,,,,,,,,none,Carrier was not found in the Mumbai or Chennai carrier master sheets.,
7477,vendor_not_in_master,TS LINE,Pranav JANI,Nansha,NANSHA,,,,,,,,,,none,Carrier was not found in the Mumbai or Chennai carrier master sheets.,
7478,vendor_not_in_master,TS LINE,Pranav JANI,Qinzhou,QINZHOU,,,,,,,,,,none,Carrier was not found in the Mumbai or Chennai carrier master sheets.,
7479,vendor_not_in_master,TS LINE,Pranav JANI,Yantian,YANTIAN,,,,,,,,,,none,Carrier was not found in the Mumbai or Chennai carrier master sheets.,
7480,vendor_not_in_master,TS LINE,Pranav JANI,Zhangjiagang,ZHANGJIAGANG,,,,,,,,,,none,Carrier was not found in the Mumbai or Chennai carrier master sheets.,
7481,vendor_not_in_master,TS LINE,Pranav JANI,Zhanjiang,ZHANJIANG,,,,,,,,,,none,Carrier was not found in the Mumbai or Chennai carrier master sheets.,
7482,vendor_not_in_master,TS LINE,Pranav JANI,Huangpu,HUANGPU,,,,,,,,,,none,Carrier was not found in the Mumbai or Chennai carrier master sheets.,
7483,vendor_not_in_master,TS LINE,Pranav JANI,Sansui,SANSUI,,,,,,,,,,none,Carrier was not found in the Mumbai or Chennai carrier master sheets.,
7484,vendor_not_in_master,TS LINE,Pranav JANI,Singapore,SINGAPORE,,,,,,,,,,none,Carrier was not found in the Mumbai or Chennai carrier master sheets.,
7485,vendor_not_in_master,TS LINE,Pranav JANI,Pasir Gudang,PASIR GUDANG,,,,,,,,,,none,Carrier was not found in the Mumbai or Chennai carrier master sheets.,
7486,vendor_not_in_master,TS LINE,Pranav JANI,Penang,PENANG,,,,,,,,,,none,Carrier was not found in the Mumbai or Chennai carrier master sheets.,
7487,vendor_not_in_master,TS LINE,Pranav JANI,Port Kelang West,PORT KELANG WEST,,,,,,,,,,none,Carrier was not found in the Mumbai or Chennai carrier master sheets.,
7488,vendor_not_in_master,TS LINE,Pranav JANI,Manila North,MANILA NORTH,,,,,,,,,,none,Carrier was not found in the Mumbai or Chennai carrier master sheets.,
7489,vendor_not_in_master,TS LINE,Pranav JANI,Manila South,MANILA SOUTH,,,,,,,,,,none,Carrier was not found in the Mumbai or Chennai carrier master sheets.,
7490,vendor_not_in_master,TS LINE,Pranav JANI,Kaohsiung,KAOHSIUNG,,,,,,,,,,none,Carrier was not found in the Mumbai or Chennai carrier master sheets.,
7491,vendor_not_in_master,TS LINE,Pranav JANI,Taichung,TAICHUNG,,,,,,,,,,none,Carrier was not found in the Mumbai or Chennai carrier master sheets.,
7492,vendor_not_in_master,TS LINE,Pranav JANI,Keelung,KEELUNG,,,,,,,,,,none,Carrier was not found in the Mumbai or Chennai carrier master sheets.,
7493,vendor_not_in_master,TS LINE,Pranav JANI,Manzanillo,MANZANILLO,,,,,,,,,,none,Carrier was not found in the Mumbai or Chennai carrier master sheets.,
7494,vendor_not_in_master,TS LINE,Pranav JANI,Brisbane,BRISBANE,,,,,,,,,,none,Carrier was not found in the Mumbai or Chennai carrier master sheets.,
7495,vendor_not_in_master,TS LINE,Pranav JANI,Melbourne,MELBOURNE,,,,,,,,,,none,Carrier was not found in the Mumbai or Chennai carrier master sheets.,
7496,vendor_not_in_master,TS LINE,Pranav JANI,Sydney,SYDNEY,,,,,,,,,,none,Carrier was not found in the Mumbai or Chennai carrier master sheets.,
7559,vendor_not_in_master,Monter Shipping,Siddharth,Chattogram,CHATTOGRAM,,,,,,,,,,none,Carrier was not found in the Mumbai or Chennai carrier master sheets.,
7560,vendor_not_in_master,Monter Shipping,Siddharth,Jakarta/Surabaya,JAKARTA SURABAYA,,,,,,,,,,none,Carrier was not found in the Mumbai or Chennai carrier master sheets.,
7561,vendor_not_in_master,Monter Shipping,Siddharth,Vietnam,VIETNAM,,,,,,,,,,none,Carrier was not found in the Mumbai or Chennai carrier master sheets.,
7562,vendor_not_in_master,Monter Shipping,Siddharth,Singapore,SINGAPORE,,,,,,,,,,none,Carrier was not found in the Mumbai or Chennai carrier master sheets.,
7563,vendor_not_in_master,Monter Shipping,Siddharth,Portklang,PORTKLANG,,,,,,,,,,none,Carrier was not found in the Mumbai or Chennai carrier master sheets.,
7564,vendor_not_in_master,Monter Shipping,Siddharth,Yangon,YANGON,,,,,,,,,,none,Carrier was not found in the Mumbai or Chennai carrier master sheets.,
7565,vendor_not_in_master,Monter Shipping,Siddharth,Laemchabang,LAEMCHABANG,,,,,,,,,,none,Carrier was not found in the Mumbai or Chennai carrier master sheets.,
7566,vendor_not_in_master,Seastar Global,Vikas,Jeddah,JEDDAH,,,,,,,,,,none,Carrier was not found in the Mumbai or Chennai carrier master sheets.,
7567,vendor_not_in_master,Seastar Global,Vikas,Al Sokhna,AL SOKHNA,,,,,,,,,,none,Carrier was not found in the Mumbai or Chennai carrier master sheets.,
7568,vendor_not_in_master,Seastar Global,Vikas,Aqaba,AQABA,,,,,,,,,,none,Carrier was not found in the Mumbai or Chennai carrier master sheets.,
7569,vendor_not_in_master,Seastar Global,Vikas,Port Sudan,PORT SUDAN,,,,,,,,,,none,Carrier was not found in the Mumbai or Chennai carrier master sheets.,
7570,vendor_not_in_master,Seastar Global,Vikas,Djibouti,DJIBOUTI,,,,,,,,,,none,Carrier was not found in the Mumbai or Chennai carrier master sheets.,
7571,vendor_not_in_master,Seastar Global,Vikas,Aden,ADEN,,,,,,,,,,none,Carrier was not found in the Mumbai or Chennai carrier master sheets.,
7572,vendor_not_in_master,Seastar Global,Vikas,Dammam,DAMMAM,,,,,,,,,,none,Carrier was not found in the Mumbai or Chennai carrier master sheets.,
7573,vendor_not_in_master,Seastar Global,Vikas,Riyadh,RIYADH,,,,,,,,,,none,Carrier was not found in the Mumbai or Chennai carrier master sheets.,
7574,vendor_not_in_master,Seastar Global,Vikas,Umm Qasar,UMM QASAR,,,,,,,,,,none,Carrier was not found in the Mumbai or Chennai carrier master sheets.,
